-- MySQL dump 10.13  Distrib 8.0.42, for Win64 (x86_64)
--
-- Host: localhost    Database: pizzeria_db
-- ------------------------------------------------------
-- Server version	8.0.42

/*!40101 SET @OLD_CHARACTER_SET_CLIENT=@@CHARACTER_SET_CLIENT */;
/*!40101 SET @OLD_CHARACTER_SET_RESULTS=@@CHARACTER_SET_RESULTS */;
/*!40101 SET @OLD_COLLATION_CONNECTION=@@COLLATION_CONNECTION */;
/*!50503 SET NAMES utf8 */;
/*!40103 SET @OLD_TIME_ZONE=@@TIME_ZONE */;
/*!40103 SET TIME_ZONE='+00:00' */;
/*!40014 SET @OLD_UNIQUE_CHECKS=@@UNIQUE_CHECKS, UNIQUE_CHECKS=0 */;
/*!40014 SET @OLD_FOREIGN_KEY_CHECKS=@@FOREIGN_KEY_CHECKS, FOREIGN_KEY_CHECKS=0 */;
/*!40101 SET @OLD_SQL_MODE=@@SQL_MODE, SQL_MODE='NO_AUTO_VALUE_ON_ZERO' */;
/*!40111 SET @OLD_SQL_NOTES=@@SQL_NOTES, SQL_NOTES=0 */;

--
-- Table structure for table `clientes`
--

DROP TABLE IF EXISTS `clientes`;
/*!40101 SET @saved_cs_client     = @@character_set_client */;
/*!50503 SET character_set_client = utf8mb4 */;
CREATE TABLE `clientes` (
  `id_cliente` int NOT NULL AUTO_INCREMENT,
  `nombre` varchar(100) DEFAULT NULL,
  `direccion` varchar(200) DEFAULT NULL,
  `telefono` varchar(20) DEFAULT NULL,
  PRIMARY KEY (`id_cliente`)
) ENGINE=InnoDB AUTO_INCREMENT=6 DEFAULT CHARSET=utf8mb4 COLLATE=utf8mb4_0900_ai_ci;
/*!40101 SET character_set_client = @saved_cs_client */;

--
-- Dumping data for table `clientes`
--

LOCK TABLES `clientes` WRITE;
/*!40000 ALTER TABLE `clientes` DISABLE KEYS */;
INSERT INTO `clientes` VALUES (1,'Jiovani','Cueramaro','4791428936'),(2,'Marioo','itztapa','4791428936'),(3,'Oscar','Leon','9999999999'),(4,'Jose','Mexico','8888888888'),(5,'Pedro lopez','leon','1234567890');
/*!40000 ALTER TABLE `clientes` ENABLE KEYS */;
UNLOCK TABLES;

--
-- Table structure for table `detalle_pedido`
--

DROP TABLE IF EXISTS `detalle_pedido`;
/*!40101 SET @saved_cs_client     = @@character_set_client */;
/*!50503 SET character_set_client = utf8mb4 */;
CREATE TABLE `detalle_pedido` (
  `id_detalle` int NOT NULL AUTO_INCREMENT,
  `id_pedido` int DEFAULT NULL,
  `id_pizza` int DEFAULT NULL,
  `cantidad` int DEFAULT NULL,
  `subtotal` decimal(10,2) DEFAULT NULL,
  PRIMARY KEY (`id_detalle`),
  KEY `id_pedido` (`id_pedido`),
  KEY `id_pizza` (`id_pizza`),
  CONSTRAINT `detalle_pedido_ibfk_1` FOREIGN KEY (`id_pedido`) REFERENCES `pedidos` (`id_pedido`),
  CONSTRAINT `detalle_pedido_ibfk_2` FOREIGN KEY (`id_pizza`) REFERENCES `pizzas` (`id_pizza`)
) ENGINE=InnoDB AUTO_INCREMENT=8 DEFAULT CHARSET=utf8mb4 COLLATE=utf8mb4_0900_ai_ci;
/*!40101 SET character_set_client = @saved_cs_client */;

--
-- Dumping data for table `detalle_pedido`
--

LOCK TABLES `detalle_pedido` WRITE;
/*!40000 ALTER TABLE `detalle_pedido` DISABLE KEYS */;
INSERT INTO `detalle_pedido` VALUES (1,1,1,1,40.00),(2,2,2,1,40.00),(3,3,3,1,40.00),(4,4,4,3,180.00),(5,5,5,2,120.00),(6,5,6,5,500.00),(7,5,7,2,300.00);
/*!40000 ALTER TABLE `detalle_pedido` ENABLE KEYS */;
UNLOCK TABLES;

--
-- Table structure for table `pedidos`
--

DROP TABLE IF EXISTS `pedidos`;
/*!40101 SET @saved_cs_client     = @@character_set_client */;
/*!50503 SET character_set_client = utf8mb4 */;
CREATE TABLE `pedidos` (
  `id_pedido` int NOT NULL AUTO_INCREMENT,
  `id_cliente` int DEFAULT NULL,
  `fecha` date DEFAULT NULL,
  `total` decimal(10,2) DEFAULT NULL,
  PRIMARY KEY (`id_pedido`),
  KEY `id_cliente` (`id_cliente`),
  CONSTRAINT `pedidos_ibfk_1` FOREIGN KEY (`id_cliente`) REFERENCES `clientes` (`id_cliente`)
) ENGINE=InnoDB AUTO_INCREMENT=6 DEFAULT CHARSET=utf8mb4 COLLATE=utf8mb4_0900_ai_ci;
/*!40101 SET character_set_client = @saved_cs_client */;

--
-- Dumping data for table `pedidos`
--

LOCK TABLES `pedidos` WRITE;
/*!40000 ALTER TABLE `pedidos` DISABLE KEYS */;
INSERT INTO `pedidos` VALUES (1,1,'2026-03-13',40.00),(2,2,'2026-03-13',40.00),(3,3,'2026-03-13',40.00),(4,4,'2026-03-13',180.00),(5,5,'2026-02-13',920.00);
/*!40000 ALTER TABLE `pedidos` ENABLE KEYS */;
UNLOCK TABLES;

--
-- Table structure for table `pizza_temp`
--

DROP TABLE IF EXISTS `pizza_temp`;
/*!40101 SET @saved_cs_client     = @@character_set_client */;
/*!50503 SET character_set_client = utf8mb4 */;
CREATE TABLE `pizza_temp` (
  `id_temp` int NOT NULL AUTO_INCREMENT,
  `tamano` varchar(20) DEFAULT NULL,
  `ingredientes` varchar(200) DEFAULT NULL,
  `cantidad` int DEFAULT NULL,
  `precio_unitario` decimal(8,2) DEFAULT NULL,
  `subtotal` decimal(10,2) DEFAULT NULL,
  PRIMARY KEY (`id_temp`)
) ENGINE=InnoDB AUTO_INCREMENT=9 DEFAULT CHARSET=utf8mb4 COLLATE=utf8mb4_0900_ai_ci;
/*!40101 SET character_set_client = @saved_cs_client */;

--
-- Dumping data for table `pizza_temp`
--

LOCK TABLES `pizza_temp` WRITE;
/*!40000 ALTER TABLE `pizza_temp` DISABLE KEYS */;
/*!40000 ALTER TABLE `pizza_temp` ENABLE KEYS */;
UNLOCK TABLES;

--
-- Table structure for table `pizzas`
--

DROP TABLE IF EXISTS `pizzas`;
/*!40101 SET @saved_cs_client     = @@character_set_client */;
/*!50503 SET character_set_client = utf8mb4 */;
CREATE TABLE `pizzas` (
  `id_pizza` int NOT NULL AUTO_INCREMENT,
  `tamano` varchar(20) DEFAULT NULL,
  `ingredientes` varchar(200) DEFAULT NULL,
  `precio` decimal(8,2) DEFAULT NULL,
  PRIMARY KEY (`id_pizza`)
) ENGINE=InnoDB AUTO_INCREMENT=8 DEFAULT CHARSET=utf8mb4 COLLATE=utf8mb4_0900_ai_ci;
/*!40101 SET character_set_client = @saved_cs_client */;

--
-- Dumping data for table `pizzas`
--

LOCK TABLES `pizzas` WRITE;
/*!40000 ALTER TABLE `pizzas` DISABLE KEYS */;
INSERT INTO `pizzas` VALUES (1,'Chica','Queso',40.00),(2,'Chica','Queso',40.00),(3,'Chica','Queso',40.00),(4,'Chica','Pina, Champinones',60.00),(5,'Chica','Jamon, Pina',60.00),(6,'Mediana','Jamon, Pina',100.00),(7,'Grande','Jamon, Pina, Champinones',150.00);
/*!40000 ALTER TABLE `pizzas` ENABLE KEYS */;
UNLOCK TABLES;
/*!40103 SET TIME_ZONE=@OLD_TIME_ZONE */;

/*!40101 SET SQL_MODE=@OLD_SQL_MODE */;
/*!40014 SET FOREIGN_KEY_CHECKS=@OLD_FOREIGN_KEY_CHECKS */;
/*!40014 SET UNIQUE_CHECKS=@OLD_UNIQUE_CHECKS */;
/*!40101 SET CHARACTER_SET_CLIENT=@OLD_CHARACTER_SET_CLIENT */;
/*!40101 SET CHARACTER_SET_RESULTS=@OLD_CHARACTER_SET_RESULTS */;
/*!40101 SET COLLATION_CONNECTION=@OLD_COLLATION_CONNECTION */;
/*!40111 SET SQL_NOTES=@OLD_SQL_NOTES */;

-- Dump completed on 2026-03-13 18:53:24
